Employee id,Title,First Name,Last Name,Age,Experience,Region,Email id
ASM-001,Mr.,John,Himes,27,8,North,john.himes5@brineworks.com
ASM-002,Mr.,Bobby,Migl,26,5,West,bobby.migl11@brineworks.com
ASM-003,Ms.,Stephanie,Ochoa,47,19,West,stephanie.ochoa12@brineworks.com
ASM-004,Ms.,Rose,Fredericks,44,14,South,rose.fredericks54@brineworks.com
ASM-005,Mr.,Bruce,Beedle,41,23,West,bruce.beedle53@brineworks.com
ASM-006,Mr.,Brett,Beggs,23,1,North,brett.beggs53@brineworks.com
ASM-007,Mr.,James,Copas,51,0,East,james.copas89@brineworks.com
ASM-008,Ms.,Geneva,Stone,31,11,South,geneva.stone98@brineworks.com
ASM-009,Ms.,Mary,Lagasse,24,3,South,mary.lagasse29@brineworks.com
ASM-010,Ms.,Lisa,Lee,23,4,South,lisa.lee46@brineworks.com
ASM-011,Mr.,Dwight,Thompson,49,19,North,dwight.thompson90@brineworks.com
ASM-012,Ms.,Annie,Patch,30,6,South,annie.patch40@brineworks.com
ASM-013,Ms.,Francine,Duncan,43,9,West,francine.duncan50@brineworks.com
ASM-014,Ms.,Susan,Barrows,29,4,South,susan.barrows2@brineworks.com
ASM-015,Ms.,Terri,Reik,50,4,West,terri.reik1@brineworks.com
ASM-016,Mr.,John,Marro,35,16,West,john.marro30@brineworks.com
ASM-017,Mr.,John,Brus,40,15,North,john.brus1@brineworks.com
ASM-018,Mr.,Anthony,Erickson,22,2,North,anthony.erickson63@brineworks.com
ASM-019,Ms.,Florence,Ladage,31,7,North,florence.ladage89@brineworks.com
ASM-020,Ms.,Betty,Hamblen,23,0,West,betty.hamblen61@brineworks.com
ASM-021,Ms.,Lori,Gordon,54,7,West,lori.gordon86@brineworks.com
ASM-022,Ms.,Carrie,Knapp,60,21,South,carrie.knapp56@brineworks.com
ASM-023,Mr.,Terrence,Brown,27,0,North,terrence.brown93@brineworks.com
ASM-024,Ms.,Caron,Little,50,22,East,caron.little61@brineworks.com
ASM-025,Ms.,Shelley,Krieger,39,2,North,shelley.krieger2@brineworks.com
ASM-026,Mr.,Keith,Rodriguez,49,28,West,keith.rodriguez83@brineworks.com
ASM-027,Mr.,Fred,Richards,36,3,West,fred.richards36@brineworks.com
ASM-028,Mr.,Benjamin,Melero,54,23,East,benjamin.melero54@brineworks.com
ASM-029,Mr.,Delbert,Sullivan,57,0,North,delbert.sullivan43@brineworks.com
ASM-030,Mr.,Randall,Thomasson,29,11,East,randall.thomasson29@brineworks.com
ASM-031,Mr.,Patrick,Cordon,42,18,North,patrick.cordon48@brineworks.com
ASM-032,Ms.,Laura,Blum,27,1,West,laura.blum40@brineworks.com
ASM-033,Mr.,Curtis,Marshall,59,24,West,curtis.marshall82@brineworks.com
ASM-034,Ms.,Maxine,Casanova,26,0,North,maxine.casanova55@brineworks.com
ASM-035,Ms.,Ethel,Curtis,41,19,South,ethel.curtis55@brineworks.com
ASM-036,Mr.,Albert,Chrisman,35,7,East,albert.chrisman89@brineworks.com
ASM-037,Mr.,Robert,Pinkney,58,1,West,robert.pinkney1@brineworks.com
ASM-038,Mr.,William,Barrett,41,5,West,william.barrett78@brineworks.com
ASM-039,Ms.,Victoria,Frizzell,41,2,West,victoria.frizzell21@brineworks.com
ASM-040,Ms.,Margaret,Leber,31,4,North,margaret.leber68@brineworks.com
ASM-041,Mr.,Henry,Green,51,3,West,henry.green2@brineworks.com
ASM-042,Ms.,Emogene,Knutson,55,19,East,emogene.knutson45@brineworks.com
ASM-043,Ms.,Maria,Wilson,45,1,North,maria.wilson32@brineworks.com
ASM-044,Ms.,Jennifer,Thau,57,9,West,jennifer.thau4@brineworks.com
ASM-045,Ms.,Theresa,Johnson,34,13,South,theresa.johnson6@brineworks.com
ASM-046,Mr.,Monte,Templeton,31,5,West,monte.templeton25@brineworks.com
ASM-047,Mr.,Charles,Myers,56,29,East,charles.myers83@brineworks.com
ASM-048,Ms.,Jennie,Juarez,30,4,South,jennie.juarez71@brineworks.com
ASM-049,Ms.,Erin,Ludkowski,38,12,East,erin.ludkowski14@brineworks.com
ASM-050,Mr.,Jack,Stokes,44,4,West,jack.stokes42@brineworks.com
ASM-051,Mr.,Craig,Long,32,9,South,craig.long3@brineworks.com
ASM-052,Mr.,Alfred,Johnson,53,26,North,alfred.johnson70@brineworks.com
ASM-053,Mr.,William,Aiello,39,8,West,william.aiello33@brineworks.com
ASM-054,Mr.,Justin,Toombs,39,3,West,justin.toombs62@brineworks.com
ASM-055,Ms.,Stephanie,Coleman,36,10,South,stephanie.coleman31@brineworks.com
ASM-056,Ms.,Irene,Flynn,35,0,South,irene.flynn75@brineworks.com
ASM-057,Ms.,Virginia,Tate,40,20,East,virginia.tate53@brineworks.com
ASM-058,Ms.,Renee,Knight,39,5,West,renee.knight66@brineworks.com
ASM-059,Ms.,Joann,Gilley,39,2,West,joann.gilley99@brineworks.com
ASM-060,Mr.,Maxwell,Garnett,58,34,South,maxwell.garnett92@brineworks.com
ASM-061,Ms.,Elizabeth,Taylor,41,3,East,elizabeth.taylor74@brineworks.com
ASM-062,Ms.,Mabel,Lee,42,0,West,mabel.lee69@brineworks.com
ASM-063,Mr.,Glenn,Vick,34,9,East,glenn.vick90@brineworks.com
ASM-064,Mr.,Richard,Quiroz,49,12,West,richard.quiroz65@brineworks.com
ASM-065,Ms.,Petra,Greenblatt,32,0,West,petra.greenblatt50@brineworks.com
ASM-066,Ms.,Mabel,Henderson,33,3,West,mabel.henderson50@brineworks.com
ASM-067,Mr.,Harry,Garroutte,53,20,West,harry.garroutte7@brineworks.com
ASM-068,Mr.,Richard,Jones,27,8,South,richard.jones10@brineworks.com
ASM-069,Mr.,Jerome,Hills,31,2,East,jerome.hills93@brineworks.com
ASM-070,Mr.,Wallace,Barrett,52,9,West,wallace.barrett51@brineworks.com
ASM-071,Mr.,Florencio,Christman,35,17,North,florencio.christman64@brineworks.com
ASM-072,Mr.,Will,Barkley,60,8,North,will.barkley90@brineworks.com
ASM-073,Ms.,Anne,Williams,48,4,South,anne.williams54@brineworks.com
ASM-074,Mr.,John,Cabral,26,4,East,john.cabral56@brineworks.com
ASM-075,Mr.,Robert,Holliday,60,37,East,robert.holliday18@brineworks.com
ASM-076,Ms.,Jacqueline,Washinton,40,15,South,jacqueline.washinton96@brineworks.com
ASM-077,Ms.,Pamela,Brown,38,13,North,pamela.brown59@brineworks.com
ASM-078,Ms.,Rosie,Cook,22,4,West,rosie.cook24@brineworks.com
ASM-079,Ms.,Heidi,Denny,31,8,South,heidi.denny88@brineworks.com
ASM-080,Mr.,Jonathan,Guerrette,23,2,West,jonathan.guerrette97@brineworks.com
ASM-081,Mr.,Jack,Zupancic,58,39,South,jack.zupancic74@brineworks.com
ASM-082,Ms.,Edna,Montijo,48,20,South,edna.montijo85@brineworks.com
ASM-083,Mr.,James,Rodgers,28,10,North,james.rodgers85@brineworks.com
ASM-084,Mr.,William,Diaz,25,5,South,william.diaz36@brineworks.com
ASM-085,Ms.,Annie,Courtney,41,8,South,annie.courtney75@brineworks.com
ASM-086,Ms.,Joan,Perez,39,2,West,joan.perez78@brineworks.com
ASM-087,Ms.,Katherine,Carrillo,22,3,North,katherine.carrillo20@brineworks.com
ASM-088,Mr.,James,Lloyd,32,9,East,james.lloyd7@brineworks.com
ASM-089,Ms.,Kathryn,Torres,41,21,East,kathryn.torres51@brineworks.com
ASM-090,Mr.,Christopher,Cody,59,10,West,christopher.cody48@brineworks.com
ASM-091,Mr.,Larry,Wisniewski,42,18,West,larry.wisniewski54@brineworks.com
ASM-092,Ms.,Krystal,Enriquez,38,19,South,krystal.enriquez65@brineworks.com
ASM-093,Mr.,James,Huston,40,4,South,james.huston52@brineworks.com
ASM-094,Mr.,Manuel,Schultz,35,6,West,manuel.schultz12@brineworks.com
ASM-095,Ms.,Leah,Ibrahim,30,6,North,leah.ibrahim81@brineworks.com
ASM-096,Mr.,James,Mullen,41,7,East,james.mullen32@brineworks.com
ASM-097,Ms.,Geneva,Fiala,49,9,East,geneva.fiala38@brineworks.com
ASM-098,Ms.,Anna,Buskey,54,8,North,anna.buskey30@brineworks.com
ASM-099,Ms.,Lisa,Barboza,57,22,North,lisa.barboza81@brineworks.com
ASM-100,Mr.,Allen,Ohara,24,5,South,allen.ohara33@brineworks.com
ASM-101,Mr.,Kelvin,Shook,40,20,East,kelvin.shook52@brineworks.com
ASM-102,Mr.,Kenneth,Kimble,60,34,West,kenneth.kimble84@brineworks.com
ASM-103,Ms.,Winifred,Gentry,50,9,South,winifred.gentry66@brineworks.com
ASM-104,Ms.,Mikki,Macumber,54,15,West,mikki.macumber87@brineworks.com
ASM-105,Ms.,Tina,Wight,60,29,East,tina.wight41@brineworks.com
ASM-106,Ms.,Pamela,Knoerzer,42,10,East,pamela.knoerzer92@brineworks.com
ASM-107,Ms.,Veronica,Kemp,58,9,West,veronica.kemp39@brineworks.com
ASM-108,Mr.,Chad,Dowdy,24,5,South,chad.dowdy56@brineworks.com
ASM-109,Mr.,Gordon,Tyler,28,10,East,gordon.tyler90@brineworks.com
ASM-110,Ms.,Ruth,Roark,26,1,South,ruth.roark31@brineworks.com
ASM-111,Ms.,Corine,Henson,37,14,South,corine.henson26@brineworks.com
ASM-112,Ms.,Charmaine,Robinson,54,24,East,charmaine.robinson57@brineworks.com
ASM-113,Mr.,Matthew,Gentry,55,13,South,matthew.gentry30@brineworks.com
ASM-114,Mr.,Edward,Cordova,49,28,East,edward.cordova89@brineworks.com
ASM-115,Mr.,Myron,Friedrich,50,25,East,myron.friedrich25@brineworks.com
ASM-116,Ms.,Susan,Ward,53,27,East,susan.ward88@brineworks.com
ASM-117,Mr.,Jimmie,Lininger,29,2,South,jimmie.lininger52@brineworks.com
ASM-118,Mr.,Victor,Owen,23,4,East,victor.owen82@brineworks.com
ASM-119,Mr.,Timothy,Towner,23,2,West,timothy.towner33@brineworks.com
ASM-120,Mr.,Clayton,Kraus,41,5,East,clayton.kraus46@brineworks.com
ASM-121,Mr.,James,Richards,57,30,West,james.richards65@brineworks.com
ASM-122,Mr.,Randolph,Fleming,37,19,East,randolph.fleming68@brineworks.com
ASM-123,Mr.,Jay,Stone,59,27,West,jay.stone12@brineworks.com
ASM-124,Ms.,Jean,Smith,45,24,West,jean.smith30@brineworks.com
ASM-125,Mr.,Al,George,37,8,West,al.george46@brineworks.com
ASM-126,Ms.,Lisa,Harding,52,26,East,lisa.harding68@brineworks.com
ASM-127,Mr.,Brandon,Lewis,52,3,North,brandon.lewis93@brineworks.com
ASM-128,Mr.,Robert,Knudsvig,41,14,South,robert.knudsvig9@brineworks.com
ASM-129,Mr.,Samuel,Montano,55,22,South,samuel.montano9@brineworks.com
ASM-130,Mr.,Frank,Garcia,54,0,East,frank.garcia62@brineworks.com
ASM-131,Mr.,Byron,Sims,42,23,North,byron.sims82@brineworks.com
ASM-132,Mr.,Patrick,Cook,58,16,East,patrick.cook8@brineworks.com
ASM-133,Ms.,Stephanie,Hopkins,41,0,West,stephanie.hopkins28@brineworks.com
ASM-134,Ms.,Jane,Hordge,58,33,South,jane.hordge21@brineworks.com
ASM-135,Mr.,Jeffrey,Pander,53,6,East,jeffrey.pander52@brineworks.com
ASM-136,Ms.,Alice,Kinnard,52,15,South,alice.kinnard95@brineworks.com
ASM-137,Mr.,Wayne,Mims,53,25,North,wayne.mims28@brineworks.com
ASM-138,Mr.,Jose,Boyd,24,3,South,jose.boyd47@brineworks.com
ASM-139,Mr.,Harold,Cuccia,34,3,West,harold.cuccia53@brineworks.com
ASM-140,Mr.,Charles,Eames,32,12,North,charles.eames94@brineworks.com
ASM-141,Ms.,Patricia,Brown,27,8,South,patricia.brown14@brineworks.com
ASM-142,Ms.,Tanya,Smith,43,6,South,tanya.smith85@brineworks.com
ASM-143,Mr.,Robert,Parker,23,4,West,robert.parker74@brineworks.com
ASM-144,Ms.,Andrea,Hinson,29,6,North,andrea.hinson80@brineworks.com
ASM-145,Ms.,Maybell,Manges,42,24,South,maybell.manges40@brineworks.com
ASM-146,Ms.,Marilyn,Miller,56,18,South,marilyn.miller22@brineworks.com
ASM-147,Mr.,Philip,Wilson,41,2,North,philip.wilson84@brineworks.com
ASM-148,Ms.,Angela,Perez,24,4,East,angela.perez45@brineworks.com
ASM-149,Mr.,Billy,Lofquist,57,18,South,billy.lofquist33@brineworks.com
ASM-150,Mr.,George,Lockwood,24,4,North,george.lockwood1@brineworks.com
ASM-151,Mr.,Steven,Madlock,57,27,East,steven.madlock11@brineworks.com
ASM-152,Mr.,Robert,Williams,41,3,South,robert.williams78@brineworks.com
ASM-153,Mr.,John,Ringler,37,13,West,john.ringler29@brineworks.com
ASM-154,Mr.,Lloyd,Ericksen,46,21,East,lloyd.ericksen80@brineworks.com
ASM-155,Mr.,Neville,Garrett,42,24,South,neville.garrett82@brineworks.com
ASM-156,Mr.,Stanley,Bright,37,17,South,stanley.bright25@brineworks.com
ASM-157,Mr.,Kevin,Pick,49,22,West,kevin.pick55@brineworks.com
ASM-158,Mr.,Steve,Louque,47,20,East,steve.louque23@brineworks.com
ASM-159,Ms.,Lisa,Baim,44,26,North,lisa.baim17@brineworks.com
ASM-160,Ms.,Vickie,Watson,54,18,East,vickie.watson40@brineworks.com
ASM-161,Mr.,Arthur,Cain,43,15,South,arthur.cain50@brineworks.com
ASM-162,Mr.,Jeremy,Myers,38,20,North,jeremy.myers15@brineworks.com
ASM-163,Ms.,Mariel,Kirchner,51,5,West,mariel.kirchner33@brineworks.com
ASM-164,Ms.,Edna,Dailey,22,2,South,edna.dailey71@brineworks.com
ASM-165,Mr.,Bobby,Walker,35,11,East,bobby.walker9@brineworks.com
ASM-166,Ms.,Bonnie,Mcnutt,55,20,West,bonnie.mcnutt76@brineworks.com
ASM-167,Ms.,Aisha,Demik,55,17,South,aisha.demik14@brineworks.com
ASM-168,Mr.,Wesley,Matthew,34,15,North,wesley.matthew11@brineworks.com
ASM-169,Ms.,Beverly,Suiter,44,17,South,beverly.suiter26@brineworks.com
ASM-170,Ms.,Kerry,Musgrove,54,34,North,kerry.musgrove37@brineworks.com
ASM-171,Ms.,Sharon,Sollenberger,58,21,West,sharon.sollenberger67@brineworks.com
ASM-172,Mr.,Patrick,Velez,44,15,North,patrick.velez24@brineworks.com
ASM-173,Mr.,Joshua,Mccoard,41,1,North,joshua.mccoard33@brineworks.com
ASM-174,Ms.,Gloria,Hillard,24,5,North,gloria.hillard34@brineworks.com
ASM-175,Ms.,Lori,Amisano,57,20,South,lori.amisano11@brineworks.com
ASM-176,Ms.,Jean,Spencer,59,0,East,jean.spencer86@brineworks.com
ASM-177,Ms.,Marlene,Benson,34,10,East,marlene.benson15@brineworks.com
ASM-178,Ms.,Tonya,Kaplan,32,12,South,tonya.kaplan29@brineworks.com
ASM-179,Mr.,Jason,Collins,37,4,North,jason.collins18@brineworks.com
ASM-180,Mr.,Louie,Zeringue,27,0,West,louie.zeringue41@brineworks.com
ASM-181,Ms.,Vanessa,Smith,32,13,South,vanessa.smith27@brineworks.com
ASM-182,Ms.,Martina,Goode,39,7,West,martina.goode30@brineworks.com
ASM-183,Ms.,Rosemary,Mcclanahan,33,0,North,rosemary.mcclanahan29@brineworks.com
ASM-184,Ms.,Jan,Nichols,45,23,North,jan.nichols31@brineworks.com
ASM-185,Ms.,Amanda,Johnson,40,20,West,amanda.johnson24@brineworks.com
ASM-186,Ms.,Rose,Grossetete,24,4,South,rose.grossetete99@brineworks.com
ASM-187,Ms.,Mary,Monroe,44,11,South,mary.monroe80@brineworks.com
ASM-188,Ms.,Nadine,Diggs,28,5,East,nadine.diggs24@brineworks.com
ASM-189,Mr.,Darryl,Rosario,50,26,West,darryl.rosario33@brineworks.com
ASM-190,Mr.,Duane,Comer,45,14,West,duane.comer61@brineworks.com
ASM-191,Mr.,Douglas,Wilson,22,3,East,douglas.wilson14@brineworks.com
ASM-192,Mr.,Albert,Marler,51,33,East,albert.marler63@brineworks.com
ASM-193,Ms.,Michelle,Congleton,49,4,South,michelle.congleton55@brineworks.com
ASM-194,Ms.,Emily,Kwon,60,13,North,emily.kwon9@brineworks.com
ASM-195,Ms.,Caitlin,Overstreet,46,1,East,caitlin.overstreet96@brineworks.com
ASM-196,Ms.,Jennie,Vandyke,48,9,South,jennie.vandyke67@brineworks.com
ASM-197,Mr.,Enrique,Blankenship,31,7,East,enrique.blankenship49@brineworks.com
ASM-198,Ms.,Gladys,Somma,38,3,West,gladys.somma95@brineworks.com
ASM-199,Ms.,Amy,Stevens,51,12,East,amy.stevens21@brineworks.com
ASM-200,Ms.,Maria,Moreno,49,21,North,maria.moreno85@brineworks.com
ASM-201,Ms.,Alice,Motley,58,8,East,alice.motley28@brineworks.com
ASM-202,Mr.,Kenneth,Smith,59,33,North,kenneth.smith32@brineworks.com
ASM-203,Mr.,Pablo,Yuhasz,40,8,West,pablo.yuhasz63@brineworks.com
ASM-204,Ms.,Valarie,Noland,32,2,North,valarie.noland61@brineworks.com
ASM-205,Mr.,Lester,Stoneking,58,34,East,lester.stoneking72@brineworks.com
ASM-206,Mr.,Desmond,Vancleave,30,6,North,desmond.vancleave51@brineworks.com
ASM-207,Mr.,Ethan,Dowdy,34,4,North,ethan.dowdy46@brineworks.com
ASM-208,Ms.,Zoila,Wilson,25,6,South,zoila.wilson63@brineworks.com
ASM-209,Ms.,Bonnie,Fields,25,7,North,bonnie.fields96@brineworks.com
ASM-210,Mr.,Jonathan,Merriman,52,11,East,jonathan.merriman78@brineworks.com
ASM-211,Mr.,Robert,Briggs,31,3,West,robert.briggs31@brineworks.com
ASM-212,Mr.,Justin,Fawver,22,4,East,justin.fawver18@brineworks.com
ASM-213,Ms.,Suzanne,Mees,35,12,North,suzanne.mees65@brineworks.com
ASM-214,Mr.,Steven,Granby,57,2,North,steven.granby58@brineworks.com
ASM-215,Mr.,Geoffrey,Ware,46,11,West,geoffrey.ware67@brineworks.com
ASM-216,Mr.,Billy,Jackson,59,7,East,billy.jackson5@brineworks.com
ASM-217,Ms.,Dana,Swonger,27,4,South,dana.swonger57@brineworks.com
ASM-218,Mr.,Frank,Doctor,46,18,South,frank.doctor44@brineworks.com
ASM-219,Mr.,Randy,Leroy,56,23,South,randy.leroy81@brineworks.com
ASM-220,Ms.,Leslie,Clyde,50,1,South,leslie.clyde16@brineworks.com
ASM-221,Ms.,Tamara,Barton,42,8,East,tamara.barton76@brineworks.com
ASM-222,Mr.,Joshua,Ostrom,57,26,South,joshua.ostrom83@brineworks.com
ASM-223,Ms.,Cindy,Rhodes,44,20,West,cindy.rhodes38@brineworks.com
ASM-224,Ms.,Sue,Gilkerson,42,12,North,sue.gilkerson35@brineworks.com
ASM-225,Mr.,Harvey,Perkins,37,2,North,harvey.perkins34@brineworks.com
ASM-226,Mr.,Edward,Gray,23,3,West,edward.gray4@brineworks.com
ASM-227,Ms.,Jane,Wheeler,50,21,East,jane.wheeler20@brineworks.com
ASM-228,Ms.,Denise,Smith,45,19,East,denise.smith5@brineworks.com
ASM-229,Mr.,Ollie,Gilbert,32,6,North,ollie.gilbert78@brineworks.com
ASM-230,Mr.,Brooks,Parkman,34,6,West,brooks.parkman95@brineworks.com
ASM-231,Mr.,Herman,Shubert,45,9,North,herman.shubert48@brineworks.com
ASM-232,Mr.,Matthew,Day,58,36,West,matthew.day65@brineworks.com
ASM-233,Mr.,Ralph,Scherr,56,11,East,ralph.scherr61@brineworks.com
ASM-234,Ms.,Monique,Mccaslin,54,35,West,monique.mccaslin68@brineworks.com
ASM-235,Mr.,Fred,Curry,60,35,North,fred.curry72@brineworks.com
ASM-236,Ms.,Donna,Ciciora,23,3,East,donna.ciciora14@brineworks.com
ASM-237,Ms.,Lillian,Smith,55,7,South,lillian.smith92@brineworks.com
ASM-238,Mr.,Ronald,Olson,43,22,North,ronald.olson99@brineworks.com
ASM-239,Ms.,Alice,Wellard,50,16,West,alice.wellard52@brineworks.com
ASM-240,Ms.,Eva,Smallwood,38,10,West,eva.smallwood44@brineworks.com
ASM-241,Ms.,Jessica,Bliss,55,34,West,jessica.bliss36@brineworks.com
ASM-242,Ms.,Debra,Mcmullan,59,24,South,debra.mcmullan31@brineworks.com
ASM-243,Mr.,William,Zamora,24,3,South,william.zamora61@brineworks.com
ASM-244,Mr.,Jason,Nahass,30,4,South,jason.nahass12@brineworks.com
ASM-245,Mr.,Paul,Gonzales,28,6,North,paul.gonzales50@brineworks.com
ASM-246,Mr.,Barry,Sprecher,47,21,South,barry.sprecher16@brineworks.com
ASM-247,Ms.,Mao,Thrope,44,1,West,mao.thrope32@brineworks.com
ASM-248,Mr.,Barry,Hill,25,1,West,barry.hill73@brineworks.com
ASM-249,Mr.,Rufus,Hammond,39,1,West,rufus.hammond41@brineworks.com
ASM-250,Ms.,Amber,Guerrero,44,1,South,amber.guerrero63@brineworks.com
ASM-251,Ms.,Jamee,Clark,59,22,South,jamee.clark25@brineworks.com
ASM-252,Mr.,Max,Hommel,42,10,South,max.hommel68@brineworks.com
ASM-253,Ms.,Yi,Heavener,52,12,North,yi.heavener59@brineworks.com
ASM-254,Ms.,Deborah,Bowen,55,21,South,deborah.bowen90@brineworks.com
ASM-255,Ms.,Lorraine,Davis,44,11,North,lorraine.davis53@brineworks.com
ASM-256,Ms.,Rowena,Pisano,52,32,East,rowena.pisano96@brineworks.com
ASM-257,Ms.,Karen,Hill,53,29,West,karen.hill93@brineworks.com
ASM-258,Mr.,Thomas,Stolle,38,1,South,thomas.stolle80@brineworks.com
ASM-259,Mr.,Irving,Mieszala,34,3,South,irving.mieszala48@brineworks.com
ASM-260,Ms.,Sophie,Torres,36,5,West,sophie.torres37@brineworks.com
ASM-261,Mr.,John,Kaiser,25,2,South,john.kaiser87@brineworks.com
ASM-262,Ms.,Albertine,Shaffer,45,15,West,albertine.shaffer16@brineworks.com
ASM-263,Ms.,Katherine,Leon,48,29,East,katherine.leon88@brineworks.com
ASM-264,Ms.,Martha,Roundy,53,6,North,martha.roundy76@brineworks.com
ASM-265,Ms.,Barbara,Hodosy,53,33,West,barbara.hodosy59@brineworks.com
ASM-266,Mr.,Ernest,Anderson,58,0,South,ernest.anderson87@brineworks.com
ASM-267,Mr.,Samuel,Cardenas,57,19,South,samuel.cardenas81@brineworks.com
ASM-268,Ms.,Lucille,Vierk,57,28,South,lucille.vierk47@brineworks.com
ASM-269,Mr.,Donnie,Stephany,37,1,South,donnie.stephany86@brineworks.com
ASM-270,Ms.,Sondra,Osborne,35,4,North,sondra.osborne89@brineworks.com
ASM-271,Ms.,Rosa,Benton,53,10,West,rosa.benton16@brineworks.com
ASM-272,Mr.,Peter,Walter,37,9,North,peter.walter2@brineworks.com
ASM-273,Mr.,Jerald,Adams,25,6,South,jerald.adams39@brineworks.com
ASM-274,Ms.,Ester,Berumen,59,41,East,ester.berumen45@brineworks.com
ASM-275,Mr.,James,Sizemore,32,4,West,james.sizemore71@brineworks.com
ASM-276,Mr.,Luis,Stafford,54,5,East,luis.stafford75@brineworks.com
ASM-277,Ms.,Chelsea,Little,27,8,East,chelsea.little95@brineworks.com
ASM-278,Ms.,Deborah,Manzi,41,20,South,deborah.manzi78@brineworks.com
ASM-279,Ms.,Mia,Jones,23,1,North,mia.jones11@brineworks.com
ASM-280,Ms.,Rhoda,Jimenez,39,7,West,rhoda.jimenez38@brineworks.com
ASM-281,Mr.,Paul,Powers,32,2,West,paul.powers14@brineworks.com
ASM-282,Ms.,Jessica,Mcclendon,48,29,North,jessica.mcclendon80@brineworks.com
ASM-283,Ms.,Beatrice,Dagley,22,1,South,beatrice.dagley82@brineworks.com
ASM-284,Mr.,Leland,Weng,34,3,East,leland.weng21@brineworks.com
ASM-285,Ms.,Elsie,Harvey,54,23,South,elsie.harvey32@brineworks.com
ASM-286,Mr.,Jay,Guzman,46,11,North,jay.guzman38@brineworks.com
ASM-287,Ms.,Linda,Cockrell,43,14,East,linda.cockrell29@brineworks.com
ASM-288,Mr.,Joshua,Cook,51,32,South,joshua.cook47@brineworks.com
ASM-289,Mr.,Richard,Morgan,29,8,South,richard.morgan9@brineworks.com
ASM-290,Mr.,George,Chaney,59,31,North,george.chaney16@brineworks.com
ASM-291,Mr.,William,Pratt,25,1,East,william.pratt74@brineworks.com
ASM-292,Ms.,Theresa,Pettiford,38,15,East,theresa.pettiford35@brineworks.com
ASM-293,Ms.,Cheryl,Clarke,60,17,East,cheryl.clarke70@brineworks.com
ASM-294,Ms.,Annie,Timmons,43,15,East,annie.timmons17@brineworks.com
ASM-295,Ms.,Beverly,Creighton,58,22,South,beverly.creighton25@brineworks.com
ASM-296,Ms.,Tanya,Davis,56,23,South,tanya.davis33@brineworks.com
ASM-297,Ms.,Janice,Borges,57,25,West,janice.borges10@brineworks.com
ASM-298,Mr.,Julius,Goins,51,18,South,julius.goins77@brineworks.com
ASM-299,Ms.,Erica,Ming,36,16,East,erica.ming85@brineworks.com
ASM-300,Ms.,Cythia,Lipford,50,5,East,cythia.lipford97@brineworks.com
ASM-301,Ms.,Thelma,Carter,30,9,East,thelma.carter20@brineworks.com
ASM-302,Ms.,Estela,Knox,46,26,East,estela.knox1@brineworks.com
ASM-303,Mr.,Steven,Franzoni,36,17,North,steven.franzoni12@brineworks.com
ASM-304,Ms.,Ruth,Rogal,24,2,East,ruth.rogal91@brineworks.com
ASM-305,Ms.,Loretta,Butts,36,15,South,loretta.butts16@brineworks.com
ASM-306,Mr.,Otis,Franch,26,5,North,otis.franch73@brineworks.com
ASM-307,Mr.,Charles,Cable,45,12,West,charles.cable2@brineworks.com
ASM-308,Mr.,William,Adams,54,33,South,william.adams18@brineworks.com
ASM-309,Ms.,Robin,Marquez,28,8,North,robin.marquez50@brineworks.com
ASM-310,Mr.,John,Richards,43,2,East,john.richards34@brineworks.com
ASM-311,Mr.,Samuel,Halloway,51,22,West,samuel.halloway17@brineworks.com
ASM-312,Mr.,Joseph,Jones,50,32,South,joseph.jones78@brineworks.com
ASM-313,Ms.,Linda,Sandy,44,10,South,linda.sandy75@brineworks.com
ASM-314,Ms.,Frances,Lineberger,35,16,East,frances.lineberger94@brineworks.com
ASM-315,Mr.,Larry,Thibodaux,37,9,South,larry.thibodaux75@brineworks.com
